Название светильника,цена,ссылка на товар
Подвесной светильник Сансет Black,6290руб.,https://www.divan.ru/ekaterinburg/product/podvesnoj-svetilnik-sanset-black
Торшер Билли Black,14 690руб.,https://www.divan.ru/ekaterinburg/product/torsher-billi-black
Подвесной светильник Бабл-9,16 790руб.,https://www.divan.ru/ekaterinburg/product/podvesnoj-svetilnik-babl-9
Торшер Бабл-1,6290руб.,https://www.divan.ru/ekaterinburg/product/torsher-babl-1
Подвесной светильник Бабл-3,5240руб.,https://www.divan.ru/ekaterinburg/product/podvesnoj-svetilnik-babl-3
Бра Бабл Black,1670руб.,https://www.divan.ru/ekaterinburg/product/bra-babl-black
Настольная лампа Дэнди Black,3140руб.,https://www.divan.ru/ekaterinburg/product/nastolnaya-lampa-dendi-black
Настольная лампа Дэнди White,3140руб.,https://www.divan.ru/ekaterinburg/product/nastolnaya-lampa-dendi-white
Торшер Варио White,4200руб.,https://www.divan.ru/ekaterinburg/product/torsher-vario-white
Бра Варио Black,1040руб.,https://www.divan.ru/ekaterinburg/product/bra-vario-black
Бра Варио White,1040руб.,https://www.divan.ru/ekaterinburg/product/bra-vario-white
Подвесной светильник Сансет White,3140руб.,https://www.divan.ru/ekaterinburg/product/podvesnoj-svetilnik-sanset-white
Подвесной светильник Кэндел Black,2090руб.,https://www.divan.ru/ekaterinburg/product/podvesnoj-svetilnik-kendel-black
Подвесной светильник Кэндел White,3770руб.,https://www.divan.ru/ekaterinburg/product/podvesnoj-svetilnik-kendel-white
Торшер Осло Black,16 790руб.,https://www.divan.ru/ekaterinburg/product/torsher-oslo-black
Торшер Вена Black,11 540руб.,https://www.divan.ru/ekaterinburg/product/torsher-vena-black
Настольная лампа Гровер Glass,5240руб.,https://www.divan.ru/ekaterinburg/product/nastolnaya-lampa-grover-glass
Настольная лампа Спайк Green,1040руб.,https://www.divan.ru/ekaterinburg/product/nastolnaya-lampa-spajk-green
Настольная лампа Рэй Black,3460руб.,https://www.divan.ru/ekaterinburg/product/nastolnaya-lampa-rej-black
Торшер Рэй White,5870руб.,https://www.divan.ru/ekaterinburg/product/torsher-rej-white
Торшер Мун Black,7340руб.,https://www.divan.ru/ekaterinburg/product/torsher-mun-black
Торшер Варио Black,6290руб.,https://www.divan.ru/ekaterinburg/product/torsher-vario-black
Настольная лампа Раффи Round,6920руб.,https://www.divan.ru/ekaterinburg/product/nastolnaya-lampa-raffi-round
Торшер Гросс White,6290руб.,https://www.divan.ru/ekaterinburg/product/torsher-gross-white
Бра Moderli Alina,3350руб.,https://www.divan.ru/ekaterinburg/product/bra-moderli-alina
Подвесной светильник Маро Green,10 490руб.,https://www.divan.ru/ekaterinburg/product/podvesnoj-svetilnik-maro-green
Настольная лампа Машрум Grey,4820руб.,https://www.divan.ru/ekaterinburg/product/nastolnaya-lampa-mashrum-grey
Настольная лампа Рэй White,2720руб.,https://www.divan.ru/ekaterinburg/product/nastolnaya-lampa-rej-white
Светильник потолочный Matthew,5240руб.,https://www.divan.ru/ekaterinburg/product/svetilnik-potolochnyj-matthew
Настольная лампа Junior-4,3140руб.,https://www.divan.ru/ekaterinburg/product/nastolnaya-lampa-junior-4
Спот Лайт-1 Black,2510руб.,https://www.divan.ru/ekaterinburg/product/spot-lajt-1-black
Настольная лампа Junior-3,4070руб.,https://www.divan.ru/ekaterinburg/product/nastolnaya-lampa-junior-3
Настольная лампа Junior-1,4190руб.,https://www.divan.ru/ekaterinburg/product/nastolnaya-lampa-junior-1
Подвесной светильник Milligan,6610руб.,https://www.divan.ru/ekaterinburg/product/podvesnoj-svetilnik-milligan
Настольная лампа Сфера Black,4190руб.,https://www.divan.ru/ekaterinburg/product/nastolnaya-lampa-sfera-black
Подвесной светильник Townshend-4,13 220руб.,https://www.divan.ru/ekaterinburg/product/podvesnoj-svetilnik-townshend-4
Люстра Монти-3 White,10 490руб.,https://www.divan.ru/ekaterinburg/product/lyustra-monti-3-white
Настольная лампа Junior-2,3040руб.,https://www.divan.ru/ekaterinburg/product/nastolnaya-lampa-junior-2
Настольная лампа Taeda,5240руб.,https://www.divan.ru/ekaterinburg/product/nastolnaya-lampa-taeda
Торшер Duetto,7340руб.,https://www.divan.ru/ekaterinburg/product/torsher-duetto
Настольная лампа Sphere,6860руб.,https://www.divan.ru/ekaterinburg/product/nastolnaya-lampa-sphere
Подвесной светильник Layham,23 930руб.,https://www.divan.ru/ekaterinburg/product/podvesnoj-svetilnik-layham
Бра Galdakao-1,6920руб.,https://www.divan.ru/ekaterinburg/product/bra-galdakao
Подвесной светильник Сэнсил Silver,4820руб.,https://www.divan.ru/ekaterinburg/product/podvesnoj-svetilnik-sensil-silver
Подвесной светильник Tureis,3560руб.,https://www.divan.ru/ekaterinburg/product/podvesnoj-svetilnik-tureis
Бра Moderli Birds-1,9860руб.,https://www.divan.ru/ekaterinburg/product/bra-moderli-birds-1
Подвесной светильник Даклин White,4190руб.,https://www.divan.ru/ekaterinburg/product/podvesnoj-svetilnik-daklin-white
Люстра Монти-5 White,15 740руб.,https://www.divan.ru/ekaterinburg/product/lyustra-monti-5-white
